Name,Amount
"Cake Circle, Paprus",989
Edible Flower - Mixed,474
"Nut - Pistachio, Shelled",969
Lettuce - Iceberg,516
Tequila Rose Cream Liquor,961
Ice Cream - Vanilla,844
Bagelers - Cinn / Brown Sugar,672
"Pepper - Chipotle, Canned",235
Russian Prince,57
Hipnotiq Liquor,949
Chocolate Liqueur - Godet White,286
Onions - Red,261
Salt - Celery,425
Kale - Red,721
Energy Drink - Franks Pineapple,258
Bagel - Plain,373
Lid Coffeecup 12oz D9542b,291
Tea - Herbal Orange Spice,753
"Juice - Pineapple, 341 Ml",286
Muffin Mix - Banana Nut,54
Bread - Crusty Italian Poly,506
Liners - Baking Cups,167
Cheese - Parmigiano Reggiano,176
Venison - Liver,336
"Shrimp, Dried, Small / Lb",116
Veal - Slab Bacon,517
Juice - Cranberry 284ml,504
Beer - Upper Canada Light,87
Buffalo - Short Rib Fresh,751
Juice - Propel Sport,234
Beef - Shank,568
Bread - Raisin,205
Beer - Mill St Organic,409
Cake - Cheese Cake 9 Inch,601
"Beans - Fava, Canned",271
Raspberries - Fresh,300
"Napkin - Beverge, White 2 - Ply",537
Wine - Domaine Boyar Royal,486
"Coffee - Colombian, Portioned",777
Wine - Alicanca Vinho Verde,104
Bread - Bistro White,625
Vinegar - Raspberry,443
Table Cloth 62x120 Colour,784
Sauce - Caesar Dressing,694
"Roe - Lump Fish, Black",627
Compound - Passion Fruit,142
Bread - Hamburger Buns,200
Pasta - Agnolotti - Butternut,529
Marjoram - Fresh,284
Creamers - 10%,256
Juice - Orange 1.89l,908
Lidsoupcont Rp12dn,876
Ginger - Ground,780
Icecream - Dstk Super Cone,794
"Wine - Red, Colio Cabernet",900
Scrubbie - Scotchbrite Hand Pad,252
Chicken - Whole,923
Soup Campbells Split Pea And Ham,106
"Soup - Campbells, Beef Barley",394
Bar Special K,388
Egg - Salad Premix,408
Beans - Kidney White,673
"Beef - Tongue, Fresh",426
Alize Sunset,443
Crab - Meat,105
Sugar - Invert,305
"Lemonade - Natural, 591 Ml",432
Goulash Seasoning,634
Ham - Cooked,795
Truffle - Peelings,145
"Stock - Veal, White",990
Cheese Cheddar Processed,962
Clementine,585
Vol Au Vents,113
"Cheese - Mozzarella, Shredded",424
Pastry - Banana Muffin - Mini,548
Macaroons - Two Bite Choc,122
Bread - Wheat Baguette,337
"Chicken - White Meat, No Tender",65
Yams,204
"Lemonade - Strawberry, 591 Ml",800
Venison - Ground,273
Pepper - Red Bell,153
"Soup - Knorr, Ministrone",185
Wine - Carmenere Casillero Del,533
Maple Syrup,394
The Pop Shoppe - Lime Rickey,203
Water - Green Tea Refresher,918
"Water - Spring Water, 355 Ml",868
"Salt - Rock, Course",804
Nori Sea Weed - Gold Label,946
Potatoes - Idaho 80 Count,385
Beef - Top Sirloin - Aaa,444
Sauerkraut,52
Pastry - Raisin Muffin - Mini,733
Cleaner - Pine Sol,138
French Pastries,965
Dc Hikiage Hira Huba,63
"Coconut - Creamed, Pure",326
Squid - U 5,627
Tuna - Salad Premix,155
"Pasta - Fettuccine, Dry",109
"Chilli Paste, Ginger Garlic",157
"Olives - Black, Pitted",784
"Pasta - Lasagna Noodle, Frozen",552
"Sprite, Diet - 355ml",951
Cheese - Grana Padano,444
"Sugar - Brown, Individual",459
Star Fruit,128
Lamb Tenderloin Nz Fr,229
"Oil - Olive, Extra Virgin",433
Cinnamon - Stick,980
Canadian Emmenthal,265
Broccoli - Fresh,280
Wine - Sogrape Mateus Rose,51
"Tortillas - Flour, 8",421
Calvados - Boulard,205
"Juice - Grape, White",998
"Liners - Banana, Paper",741
"Flour - Buckwheat, Dark",699
Appetizer - Chicken Satay,779
"Oranges - Navel, 72",175
Wine - Zinfandel California 2002,122
Island Oasis - Mango Daiquiri,921
Tart - Pecan Butter Squares,225
Wine - Balbach Riverside,957
Nantuket Peach Orange,661
Mushrooms - Honey,644
Gatorade - Xfactor Berry,792
Beer - Upper Canada Lager,940
Chinese Foods - Chicken,298
"Wine - Saint - Bris 2002, Sauv",162
Veal - Loin,286
Lady Fingers,691
Pur Source,458
"Gingerale - Schweppes, 355 Ml",210
Mustard - Seed,367
Wine - Alsace Riesling Reserve,738
Bread - Granary Small Pull,986
"Jam - Strawberry, 20 Ml Jar",326
Cut Wakame - Hanawakaba,851
Tomatoes - Cherry,204
Numi - Assorted Teas,201
Table Cloth 54x72 White,658
Wonton Wrappers,280
Tuna - Fresh,307
"Salmon - Atlantic, Fresh, Whole",88
Beer - Sleemans Cream Ale,799
Cumin - Whole,798
Table Cloth 91x91 Colour,149
Chocolate Bar - Coffee Crisp,53
Cake - Mini Potato Pancake,117
"Fish - Base, Bouillion",186
Capon - Whole,614
Fireball Whisky,159
Juice Peach Nectar,409
Wine - Barolo Fontanafredda,86
Table Cloth 62x114 Colour,686
Soap - Mr.clean Floor Soap,914
Shrimp - Black Tiger 13/15,532
Juice - Ocean Spray Kiwi,824
Chocolate - White,153
Cranberries - Fresh,800
"Pepper - Paprika, Spanish",94
Table Cloth - 53x69 Colour,751
"Clams - Littleneck, Whole",963
"Sugar - Sweet N Low, Individual",576
"Pesto - Primerba, Paste",142
Puree - Blackcurrant,589
Clams - Canned,573
Pepper - Pablano,98
Compound - Orange,204
Beef - Bresaola,393
Triple Sec - Mcguinness,506
Pomello,577
Parsley - Dried,555
Beer - Heinekin,534
Cup - Translucent 7 Oz Clear,750
Browning Caramel Glace,941
Onions - Red Pearl,269
Wine - Peller Estates Late,237
Broom - Angled,717
Scallop - St. Jaques,502
"Nut - Peanut, Roasted",768
Sandwich Wrap,882
